timestamp,value,label
2005-01-01 01:00:00,1318.6087460595418,0
2005-01-01 02:00:00,1371.0341516613532,0
2005-01-01 03:00:00,1416.5884352193073,0
2005-01-01 04:00:00,1454.7039713476486,0
2005-01-01 05:00:00,1484.9051810265955,0
2005-01-01 06:00:00,1506.8134540260248,0
2005-01-01 07:00:00,1520.1506877167487,0
2005-01-01 08:00:00,1524.741410112753,0
2005-01-01 09:00:00,1520.5134758856266,0
2005-01-01 10:00:00,1507.497344964889,0
2005-01-01 11:00:00,1485.8239738705108,0
2005-01-01 12:00:00,1455.7213698091807,0
2005-01-01 13:00:00,1417.5098765081711,0
2005-01-01 14:00:00,1371.5962784806404,0
2005-01-01 15:00:00,1318.4668266548956,0
2005-01-01 16:00:00,1258.679302823161,0
2005-01-01 17:00:00,1192.854252966057,0
2005-01-01 18:00:00,1121.6655300116993,0
2005-01-01 19:00:00,1045.8302948509254,0
2005-01-01 20:00:00,966.0986303461096,0
2005-01-01 21:00:00,883.2429265706483,0
2005-01-01 22:00:00,798.0471965679418,0
2005-01-01 23:00:00,711.2964805289228,0
2005-01-02 00:00:00,623.766492500346,0
2005-01-02 01:00:00,536.213657633377,0
2005-01-02 02:00:00,449.3656796804352,0
2005-01-02 03:00:00,-2785.867790126084,1
2005-01-02 04:00:00,280.49964189417824,0
2005-01-02 05:00:00,199.7184134871649,0
2005-01-02 06:00:00,122.10244053202628,0
2005-01-02 07:00:00,48.12121721038527,0
2005-01-02 08:00:00,-21.823640902077955,0
2005-01-02 09:00:00,-87.4012822612983,0
2005-01-02 10:00:00,-148.35335726227146,0
2005-01-02 11:00:00,-204.49460916689912,0
2005-01-02 12:00:00,-255.71233668292965,0
2005-01-02 13:00:00,-301.96476437341016,0
2005-01-02 14:00:00,-343.27837380686026,0
2005-01-02 15:00:00,-379.7442640119477,0
2005-01-02 16:00:00,-411.51362413656005,0
2005-01-02 17:00:00,-438.7924140125941,0
2005-01-02 18:00:00,-461.8353594034796,0
2005-01-02 19:00:00,-480.9393778996112,0
2005-01-02 20:00:00,-496.43655859722963,0
2005-01-02 21:00:00,-508.6868237521577,0
2005-01-02 22:00:00,-518.0704034794219,0
2005-01-02 23:00:00,-524.9802552469935,0
2005-01-03 00:00:00,-529.8145583966793,0
2005-01-03 01:00:00,-532.9694102629147,0
2005-01-03 02:00:00,-534.8318447311979,0
2005-01-03 03:00:00,-535.7732863954589,0
2005-01-03 04:00:00,-536.1435439824985,0
2005-01-03 05:00:00,-536.2654355851341,0
2005-01-03 06:00:00,-278.4031190586701,1
2005-01-03 07:00:00,-536.8932401529617,0
2005-01-03 08:00:00,-537.8718107190357,0
2005-01-03 09:00:00,-539.5420848225767,0
2005-01-03 10:00:00,-542.0382209677394,0
2005-01-03 11:00:00,-545.451873492708,0
2005-01-03 12:00:00,-549.8326547021128,0
2005-01-03 13:00:00,-555.1894466438363,0
2005-01-03 14:00:00,-561.4925197862208,0
2005-01-03 15:00:00,-568.6764017014241,0
2005-01-03 16:00:00,-576.6434258232547,0
2005-01-03 17:00:00,-585.2678786398698,0
2005-01-03 18:00:00,-594.4006534965406,0
2005-01-03 19:00:00,-603.8743106887453,0
2005-01-03 20:00:00,-613.5084368595727,0
2005-01-03 21:00:00,-623.1151919851073,0
2005-01-03 22:00:00,-632.5049295119283,0
2005-01-03 23:00:00,-641.4917745425303,0
2005-01-04 00:00:00,-649.8990463535313,0
2005-01-04 01:00:00,-657.5644149494063,0
2005-01-04 02:00:00,-664.3446867383693,0
2005-01-04 03:00:00,-670.1201216712283,0
2005-01-04 04:00:00,-674.7981931813227,0
2005-01-04 05:00:00,-678.316712847428,0
2005-01-04 06:00:00,-680.6462536885371,0
2005-01-04 07:00:00,-681.7918191827102,0
2005-01-04 08:00:00,-681.7937192545348,0
2005-01-04 09:00:00,-680.7276293533378,0
2005-01-04 10:00:00,-678.7038240910451,0
2005-01-04 11:00:00,-675.8655924599445,0
2005-01-04 12:00:00,-672.3868571383524,0
2005-01-04 13:00:00,-668.4690355484967,0
2005-01-04 14:00:00,-664.3371948931825,0
2005-01-04 15:00:00,-660.2355671125746,0
2005-01-04 16:00:00,-656.4225023299542,0
2005-01-04 17:00:00,-653.1649506734777,0
2005-01-04 18:00:00,-650.7325721687007,0
2005-01-04 19:00:00,-649.3915825178673,0
2005-01-04 20:00:00,-649.3984488679457,0
2005-01-04 21:00:00,-650.9935540017476,0
2005-01-04 22:00:00,-654.3949496788739,0
2005-01-04 23:00:00,-659.7923200532936,0
2005-01-05 00:00:00,-667.3412741840523,0
2005-01-05 01:00:00,-677.1580826525542,0
2005-01-05 02:00:00,-689.3149672559359,0
2005-01-05 03:00:00,-703.8360447481793,0
2005-01-05 04:00:00,-720.6940157678638,0
2005-01-05 05:00:00,-739.807678574751,0
2005-01-05 06:00:00,-761.0403341958568,0
2005-01-05 07:00:00,-784.1991352608687,0
2005-01-05 08:00:00,-809.0354154146363,0
2005-01-05 09:00:00,-835.2460199784731,0
2005-01-05 10:00:00,-862.4756417543201,0
2005-01-05 11:00:00,-890.320148800163,0
2005-01-05 12:00:00,-918.3308739312181,0
2005-01-05 13:00:00,-946.0198189016253,0
2005-01-05 14:00:00,-972.8657099752047,0
2005-01-05 15:00:00,-998.320826173915,0
2005-01-05 16:00:00,-1021.818507160113,0
2005-01-05 17:00:00,-1042.7812347089234,0
2005-01-05 18:00:00,-1060.6291702855783,0
2005-01-05 19:00:00,-1074.7890215615414,0
2005-01-05 20:00:00,-1084.703102957612,0
2005-01-05 21:00:00,-1089.8384496374206,0
2005-01-05 22:00:00,-1089.6958409033957,0
2005-01-05 23:00:00,-1083.8185877480732,0
2005-01-06 00:00:00,-1071.8009404290356,0
2005-01-06 01:00:00,-1053.2959753717419,0
2005-01-06 02:00:00,-1028.0228264299935,0
2005-01-06 03:00:00,-995.7731334808451,0
2005-01-06 04:00:00,-956.4165913957036,0
2005-01-06 05:00:00,-909.9054944740496,0
2005-01-06 06:00:00,-856.2781852799565,0
2005-01-06 07:00:00,-795.6613322839075,0
2005-01-06 08:00:00,-728.2709775558861,0
2005-01-06 09:00:00,-654.4123137292607,0
2005-01-06 10:00:00,-574.4781682881234,0
2005-01-06 11:00:00,-488.94619263729544,0
2005-01-06 12:00:00,-398.3747730968695,0
2005-01-06 13:00:00,-303.3977006184322,0
2005-01-06 14:00:00,-204.7176553421812,0
2005-01-06 15:00:00,-103.09858080095509,0
2005-01-06 16:00:00,0.6429596663728034,0
2005-01-06 17:00:00,105.64733518550388,0
2005-01-06 18:00:00,211.02218412854342,0
2005-01-06 19:00:00,315.8533978901113,0
2005-01-06 20:00:00,419.21660273816207,0
2005-01-06 21:00:00,520.1889815493013,0
2005-01-06 22:00:00,617.8612702589728,0
2005-01-06 23:00:00,711.3497592933131,0
2005-01-07 00:00:00,799.8081281901214,0
2005-01-07 01:00:00,882.4389421117168,0
2005-01-07 02:00:00,958.5046420138999,0
2005-01-07 03:00:00,1027.3378658351844,0
2005-01-07 04:00:00,1088.350946142069,0
2005-01-07 05:00:00,1141.0444401046368,0
2005-01-07 06:00:00,1185.0145603405695,0
2005-01-07 07:00:00,1219.9593898785374,0
2005-01-07 08:00:00,1245.683781045601,0
2005-01-07 09:00:00,1262.1028562403237,0
2005-01-07 10:00:00,1269.2440480509474,0
2005-01-07 11:00:00,1267.2476367317724,0
2005-01-07 12:00:00,1256.365764359118,0
2005-01-07 13:00:00,1236.9599267364817,0
2005-01-07 14:00:00,1209.496965984284,0
2005-01-07 15:00:00,1174.5436084074968,0
2005-01-07 16:00:00,1132.759613360745,0
2005-01-07 17:00:00,1084.889619108524,0
2005-01-07 18:00:00,1031.7537908026998,0
2005-01-07 19:00:00,974.2373933818337,0
2005-01-07 20:00:00,913.2794281690437,0
2005-01-07 21:00:00,849.8604859640036,0
2005-01-07 22:00:00,784.9899812760286,0
2005-01-07 23:00:00,719.6929418463324,0
2005-01-08 00:00:00,654.9965346112969,0
2005-01-08 01:00:00,591.9165136540602,0
2005-01-08 02:00:00,531.4437774077211,0
2005-01-08 03:00:00,474.53122137826097,0
2005-01-08 04:00:00,422.08106895788194,0
2005-01-08 05:00:00,374.93285654945777,0
2005-01-08 06:00:00,333.85224030941765,0
2005-01-08 07:00:00,299.52078046737995,0
2005-01-08 08:00:00,272.5268455605183,0
2005-01-08 09:00:00,253.3577632274891,0
2005-01-08 10:00:00,242.39332667025053,0
2005-01-08 11:00:00,239.9007467695657,0
2005-01-08 12:00:00,246.0311194123766,0
2005-01-08 13:00:00,260.8174561572072,0
2005-01-08 14:00:00,284.1743042428219,0
2005-01-08 15:00:00,315.8989594613754,0
2005-01-08 16:00:00,355.6742529013092,0
2005-01-08 17:00:00,403.0728703487324,0
2005-01-08 18:00:00,457.563141545574,0
2005-01-08 19:00:00,518.5162158554572,0
2005-01-08 20:00:00,585.2145214866479,0
2005-01-08 21:00:00,656.8613875489599,0
2005-01-08 22:00:00,732.5916921386812,0
2005-01-08 23:00:00,811.4833855852623,0
2005-01-09 00:00:00,892.5697261583506,0
2005-01-09 01:00:00,974.8520560921976,0
2005-01-09 02:00:00,1057.3129388693715,0
2005-01-09 03:00:00,1138.9294744111398,0
2005-01-09 04:00:00,1218.6866072030687,0
2005-01-09 05:00:00,1295.590243455719,0
2005-01-09 06:00:00,1368.6799971362445,0
2005-01-09 07:00:00,1437.0413910416592,0
2005-01-09 08:00:00,1499.8173479139834,0
2005-01-09 09:00:00,1556.2188177801052,0
2005-01-09 10:00:00,1605.5344010585563,0
2005-01-09 11:00:00,1647.1388423030373,0
2005-01-09 12:00:00,1680.5002865114336,0
2005-01-09 13:00:00,1705.186208456577,0
2005-01-09 14:00:00,1720.8679452081283,0
2005-01-09 15:00:00,1727.3237826133636,0
2005-01-09 16:00:00,1724.440567676639,0
2005-01-09 17:00:00,1712.2138402033952,0
2005-01-09 18:00:00,1690.746498433434,0
2005-01-09 19:00:00,1660.2460343608795,0
2005-01-09 20:00:00,1621.0203947133377,0
2005-01-09 21:00:00,1573.4725428410889,0
2005-01-09 22:00:00,1518.0938147662835,0
2005-01-09 23:00:00,1455.4561791006474,0
2005-01-10 00:00:00,1386.2035252216378,0
2005-01-10 01:00:00,1311.042116793296,0
2005-01-10 02:00:00,1230.730358252728,0
2005-01-10 03:00:00,1146.0680301137775,0
2005-01-10 04:00:00,1057.8851547597387,0
2005-01-10 05:00:00,967.0306577381601,0
2005-01-10 06:00:00,874.360990402723,0
2005-01-10 07:00:00,780.7288780782135,0
2005-01-10 08:00:00,686.9723538017588,0
2005-01-10 09:00:00,593.9042312009879,0
2005-01-10 10:00:00,502.30216132810153,0
2005-01-10 11:00:00,412.89940743206125,0
2005-01-10 12:00:00,326.37645890501096,0
2005-01-10 13:00:00,243.3535911972749,0
2005-01-10 14:00:00,164.38446259669112,0
2005-01-10 15:00:00,89.95082167194327,0
2005-01-10 16:00:00,20.458381162585994,0
2005-01-10 17:00:00,-43.766104551186515,0
2005-01-10 18:00:00,-102.47654025143925,0
2005-01-10 19:00:00,-155.5079698327062,0
2005-01-10 20:00:00,-202.77585503526439,0
2005-01-10 21:00:00,-244.27419080579946,0
2005-01-10 22:00:00,-280.0725125054462,0
2005-01-10 23:00:00,-310.311866462656,0
2005-01-11 00:00:00,-335.19983030177985,0
2005-01-11 01:00:00,-355.0046828450842,0
2005-01-11 02:00:00,-370.0488349898519,0
2005-01-11 03:00:00,-380.7016426367586,0
2005-01-11 04:00:00,-387.37173035620026,0
2005-01-11 05:00:00,-390.4989599249198,0
2005-01-11 06:00:00,-390.5461810809445,0
2005-01-11 07:00:00,-387.9909028012406,0
2005-01-11 08:00:00,-383.3170221110355,0
2005-01-11 09:00:00,-377.00674392999605,0
2005-01-11 10:00:00,-369.53281982704027,0
2005-01-11 11:00:00,-361.35122590509013,0
2005-01-11 12:00:00,-352.8943905139529,0
2005-01-11 13:00:00,-344.5650712673653,0
2005-01-11 14:00:00,-336.7309681191393,0
2005-01-11 15:00:00,-329.72014525634745,0
2005-01-11 16:00:00,-323.81731953693134,0
2005-01-11 17:00:00,-319.2610573925946,0
2005-01-11 18:00:00,-316.24190580395623,0
2005-01-11 19:00:00,-314.901466408979,0
2005-01-11 20:00:00,-315.33240530491037,0
2005-01-11 21:00:00,-317.57937492327005,0
2005-01-11 22:00:00,-321.6408087649356,0
2005-01-11 23:00:00,-327.4715350346914,0
2005-01-12 00:00:00,-334.98614155341704,0
2005-01-12 01:00:00,-344.0630119731385,0
2005-01-12 02:00:00,-354.5489424752549,0
2005-01-12 03:00:00,-366.26423896818295,0
2005-01-12 04:00:00,-379.0081874623694,0
2005-01-12 05:00:00,-392.5647849013768,0
2005-01-12 06:00:00,-406.7086143481424,0
2005-01-12 07:00:00,-421.21074711254704,0
2005-01-12 08:00:00,-435.8445551714262,0
2005-01-12 09:00:00,-450.3913200527902,0
2005-01-12 10:00:00,-464.64552917448384,0
2005-01-12 11:00:00,-478.4197573534601,0
2005-01-12 12:00:00,-491.5490397127783,0
2005-01-12 13:00:00,-503.8946523570594,0
2005-01-12 14:00:00,-515.3472287843795,0
2005-01-12 15:00:00,-525.8291528497907,0
2005-01-12 16:00:00,-758.6072648488148,1
2005-01-12 17:00:00,-543.7382769075848,0
2005-01-12 18:00:00,-551.1796016925675,0
2005-01-12 19:00:00,-557.6777286327062,0
2005-01-12 20:00:00,-563.3220288973245,0
2005-01-12 21:00:00,-568.2313002856458,0
2005-01-12 22:00:00,-572.5506704795545,0
2005-01-12 23:00:00,-576.4478359450623,0
2005-01-13 00:00:00,-580.1087084951715,0
2005-01-13 01:00:00,-583.7325531241856,0
2005-01-13 02:00:00,-587.5267108672872,0
2005-01-13 03:00:00,-591.7010089502548,0
2005-01-13 04:00:00,-596.4619672202798,0
2005-01-13 05:00:00,-602.0069146675556,0
2005-01-13 06:00:00,-608.518132668044,0
2005-01-13 07:00:00,-616.1571423431825,0
2005-01-13 08:00:00,-625.0592521193892,0
2005-01-13 09:00:00,-635.3284781909958,0
2005-01-13 10:00:00,-647.0329451912717,0
2005-01-13 11:00:00,-660.200867038067,0
2005-01-13 12:00:00,-674.8171987570312,0
2005-01-13 13:00:00,-690.8210392405576,0
2005-01-13 14:00:00,-708.1038525481919,0
2005-01-13 15:00:00,-726.5085616932552,0
2005-01-13 16:00:00,-745.8295541132233,0
2005-01-13 17:00:00,-765.8136224291814,0
2005-01-13 18:00:00,-786.1618479195399,0
2005-01-13 19:00:00,-806.5324176326519,0
2005-01-13 20:00:00,-826.5443495175911,0
2005-01-13 21:00:00,-845.7820836387742,0
2005-01-13 22:00:00,-863.8008817341764,0
2005-01-13 23:00:00,-880.1329623466762,0
2005-01-14 00:00:00,-894.2942847616357,0
2005-01-14 01:00:00,-905.7918822631702,0
2005-01-14 02:00:00,-914.1316339999328,0
2005-01-14 03:00:00,-918.8263552286221,0
2005-01-14 04:00:00,-919.4040780534535,0
2005-01-14 05:00:00,-915.4163891470531,0
2005-01-14 06:00:00,-906.446687434849,0
2005-01-14 07:00:00,-892.118223430305,0
2005-01-14 08:00:00,-872.1017828651494,0
2005-01-14 09:00:00,-846.1228804751272,0
2005-01-14 10:00:00,-813.9683352478876,0
2005-01-14 11:00:00,-775.492106050862,0
2005-01-14 12:00:00,-730.6202762319208,0
2005-01-14 13:00:00,-679.3550873903193,0
2005-01-14 14:00:00,-621.7779358827542,0
2005-01-14 15:00:00,-558.0512605633435,0
2005-01-14 16:00:00,-488.419266534602,0
2005-01-14 17:00:00,-413.2074470625306,0
2005-01-14 18:00:00,-332.8208840182862,0
2005-01-14 19:00:00,-247.7413259705621,0
2005-01-14 20:00:00,-158.5230620755865,0
2005-01-14 21:00:00,-65.78762889786819,0
2005-01-14 22:00:00,29.782594055019786,0
2005-01-14 23:00:00,127.4518262827759,0
2005-01-15 00:00:00,226.43927483015534,0
2005-01-15 01:00:00,325.9283626154895,0
2005-01-15 02:00:00,425.07667531064567,0
2005-01-15 03:00:00,523.0264927867254,0
2005-01-15 04:00:00,618.9157603020442,0
2005-01-15 05:00:00,711.8893458670686,0
2005-01-15 06:00:00,801.1104237275147,0
2005-01-15 07:00:00,885.77181978368,0
2005-01-15 08:00:00,965.1071530942776,0
2005-01-15 09:00:00,1038.4016084446334,0
2005-01-15 10:00:00,1105.0021782995452,0
2005-01-15 11:00:00,1164.3272182809367,0
2005-01-15 12:00:00,1215.8751685405466,0
2005-01-15 13:00:00,1259.2323039318749,0
2005-01-15 14:00:00,1294.0793885815979,0
2005-01-15 15:00:00,1320.197125141388,0
2005-01-15 16:00:00,1337.4703054592287,0
2005-01-15 17:00:00,1345.8905874078318,0
2005-01-15 18:00:00,1345.557841885728,0
2005-01-15 19:00:00,1336.680034281064,0
2005-01-15 20:00:00,1319.571625660532,0
2005-01-15 21:00:00,1294.650500304093,0
2005-01-15 22:00:00,1262.4334476319543,0
2005-01-15 23:00:00,1223.5302477416892,0
2005-01-16 00:00:00,1178.636430371581,0
2005-01-16 01:00:00,1128.5247968186334,0
2005-01-16 02:00:00,1074.0358128673613,0
2005-01-16 03:00:00,1016.0669978433929,0
2005-01-16 04:00:00,955.5614502337057,0
2005-01-16 05:00:00,893.4956636741167,0
2005-01-16 06:00:00,830.8667982868606,0
2005-01-16 07:00:00,768.6795811805274,0
2005-01-16 08:00:00,707.9330162589636,0
2005-01-16 09:00:00,649.607087221674,0
2005-01-16 10:00:00,594.6496387091338,0
2005-01-16 11:00:00,543.963618927554,0
2005-01-16 12:00:00,498.39486279266265,0
2005-01-16 13:00:00,458.72058771696817,0
2005-01-16 14:00:00,425.638764723044,0
2005-01-16 15:00:00,399.75851573023107,0
2005-01-16 16:00:00,381.591673801547,0
2005-01-16 17:00:00,371.5456270547272,0
2005-01-16 18:00:00,369.9175490687286,0
2005-01-16 19:00:00,376.8900992153183,0
2005-01-16 20:00:00,392.5286556980204,0
2005-01-16 21:00:00,416.7801224901254,0
2005-01-16 22:00:00,449.4733291469793,0
2005-01-16 23:00:00,490.32101995174304,0
2005-01-17 00:00:00,538.9234063698543,0
2005-01-17 01:00:00,594.7732346665011,0
2005-01-17 02:00:00,657.2622991094584,0
2005-01-17 03:00:00,725.6893107520682,0
2005-01-17 04:00:00,799.2690126687537,0
2005-01-17 05:00:00,877.1424149789422,0
2005-01-17 06:00:00,958.3880073024677,0
2005-01-17 07:00:00,1042.0337926689913,0
2005-01-17 08:00:00,1127.0699755555522,0
2005-01-17 09:00:00,1212.4621278127618,0
2005-01-17 10:00:00,1297.1646498906566,0
2005-01-17 11:00:00,1380.1343410778702,0
2005-01-17 12:00:00,1460.3438914729063,0
2005-01-17 13:00:00,1536.7951101224496,0
2005-01-17 14:00:00,1608.5317081575308,0
2005-01-17 15:00:00,1674.6514627622246,0
2005-01-17 16:00:00,1734.3175973111834,0
2005-01-17 17:00:00,1786.7692248638375,0
2005-01-17 18:00:00,1831.3307162223396,0
2005-01-17 19:00:00,1867.4198697330196,0
2005-01-17 20:00:00,1894.5547776935375,0
2005-01-17 21:00:00,1912.3593033531936,0
2005-01-17 22:00:00,1920.5671027720157,0
2005-01-17 23:00:00,1919.0241469311318,0
2005-01-18 00:00:00,1907.6897211451828,0
2005-01-18 01:00:00,1886.6359006937641,0
2005-01-18 02:00:00,1856.0455233375915,0
2005-01-18 03:00:00,1816.2087006937973,0
2005-01-18 04:00:00,1767.5179309989828,0
2005-01-18 05:00:00,1710.4618952868432,0
2005-01-18 06:00:00,1645.6180371647633,0
2005-01-18 07:00:00,1573.6440429278869,0
2005-01-18 08:00:00,1495.2683534626672,0
2005-01-18 09:00:00,1411.2798520561478,0
2005-01-18 10:00:00,1322.5168826663576,0
2005-01-18 11:00:00,1229.8557612812892,0
2005-01-18 12:00:00,1134.1989485945217,0
2005-01-18 13:00:00,1036.4630552874523,0
2005-01-18 14:00:00,937.5668517041361,0
2005-01-18 15:00:00,838.4194516458274,0
2005-01-18 16:00:00,739.9088354494288,0
2005-01-18 17:00:00,642.8908705351818,0
2005-01-18 18:00:00,548.1789783389322,0
2005-01-18 19:00:00,456.534585142172,0
2005-01-18 20:00:00,368.65848096967375,0
2005-01-18 21:00:00,285.18319565883826,0
2005-01-18 22:00:00,206.6664846613537,0
2005-01-18 23:00:00,133.58599938205464,0
2005-01-19 00:00:00,66.33519817341991,0
2005-01-19 01:00:00,5.220534783005576,0
2005-01-19 02:00:00,-49.54005860377157,0
2005-01-19 03:00:00,-97.81739626509591,0
2005-01-19 04:00:00,-139.56999373384872,0
2005-01-19 05:00:00,-174.84179325650922,0
2005-01-19 06:00:00,-203.75871867066388,0
2005-01-19 07:00:00,-226.52413529514718,0
2005-01-19 08:00:00,-243.41330588814753,0
2005-01-19 09:00:00,-254.7669475822318,0
2005-01-19 10:00:00,-260.98400674882436,0
2005-01-19 11:00:00,-262.5137788095193,0
2005-01-19 12:00:00,-259.8475079577256,0
2005-01-19 13:00:00,-253.50960747916469,0
2005-01-19 14:00:00,-244.0486447953021,0
2005-01-19 15:00:00,-232.02823646832036,0
2005-01-19 16:00:00,-218.0179972068796,0
2005-01-19 17:00:00,-202.58468343962625,0
2005-01-19 18:00:00,-186.28366635849824,0
2005-01-19 19:00:00,-169.6508615873219,0
2005-01-19 20:00:00,-153.19523295006854,0
2005-01-19 21:00:00,-137.39197637075256,0
2005-01-19 22:00:00,-122.67647693703412,0
2005-01-19 23:00:00,-109.43911782636411,0
2005-01-20 00:00:00,-98.02100437314755,0
2005-01-20 01:00:00,-88.71065030886598,0
2005-01-20 02:00:00,-81.74165640675255,0
2005-01-20 03:00:00,-77.29139468841072,0
2005-01-20 04:00:00,-75.48069428362476,0
2005-01-20 05:00:00,-76.37450825653934,0
2005-01-20 06:00:00,-79.98352449509696,0
2005-01-20 07:00:00,-86.2666683679621,0
2005-01-20 08:00:00,-95.13443053213308,0
2005-01-20 09:00:00,-106.45294025257482,0
2005-01-20 10:00:00,-120.04869307805416,0
2005-01-20 11:00:00,-135.7138318844501,0
2005-01-20 12:00:00,-153.2118722985852,0
2005-01-20 13:00:00,-172.28375747139472,0
2005-01-20 14:00:00,-192.6541231660359,0
2005-01-20 15:00:00,-214.03765221593255,0
2005-01-20 16:00:00,-236.1453976075398,0
2005-01-20 17:00:00,-258.69095573502244,0
2005-01-20 18:00:00,-281.3963757059407,0
2005-01-20 19:00:00,-5048.618740201122,1
2005-01-20 20:00:00,-326.25001480862034,0
2005-01-20 21:00:00,-347.9319860241414,0
2005-01-20 22:00:00,-368.8496924987357,0
2005-01-20 23:00:00,-388.8398004040388,0
2005-01-21 00:00:00,-407.7719605704136,0
2005-01-21 01:00:00,-425.55041308034794,0
2005-01-21 02:00:00,-442.1147734515385,0
2005-01-21 03:00:00,-457.4399933698546,0
2005-01-21 04:00:00,-471.5355044836963,0
2005-01-21 05:00:00,-484.4435691181325,0
2005-01-21 06:00:00,-496.23687664477444,0
2005-01-21 07:00:00,-507.01543839577124,0
2005-01-21 08:00:00,-516.9028471937609,0
2005-01-21 09:00:00,-526.0419795565745,0
2005-01-21 10:00:00,-534.5902292196242,0
2005-01-21 11:00:00,-542.7143696160642,0
2005-01-21 12:00:00,-550.5851502094524,0
2005-01-21 13:00:00,-558.3717369574413,0
2005-01-21 14:00:00,-566.2361106033779,0
2005-01-21 15:00:00,-574.3275378816229,0
2005-01-21 16:00:00,-582.7772300547254,0
2005-01-21 17:00:00,-591.6933004808843,0
2005-01-21 18:00:00,-601.1561281804385,0
2005-01-21 19:00:00,-611.2142277038752,0
2005-01-21 20:00:00,-621.8807171093663,0
2005-01-21 21:00:00,-633.1304656729474,0
2005-01-21 22:00:00,-644.8979912467782,0
2005-01-21 23:00:00,-657.0761641439658,0
2005-01-22 00:00:00,-669.5157602784425,0
2005-01-22 01:00:00,-682.0258912616705,0
2005-01-22 02:00:00,-694.375323505909,0
2005-01-22 03:00:00,-706.2946823698009,0
2005-01-22 04:00:00,-717.4795212765607,0
2005-01-22 05:00:00,-727.5942198115365,0
2005-01-22 06:00:00,-736.276659335698,0
2005-01-22 07:00:00,-743.1436099009256,0
2005-01-22 08:00:00,-747.7967484759906,0
2005-01-22 09:00:00,-749.8292159302537,0
2005-01-22 10:00:00,-748.8326090957755,0
2005-01-22 11:00:00,-744.404294738256,0
2005-01-22 12:00:00,-736.1549245849084,0
2005-01-22 13:00:00,-723.7160248292867,0
2005-01-22 14:00:00,-706.7475298709683,0
2005-01-22 15:00:00,-684.9451285336909,0
2005-01-22 16:00:00,-658.047291683047,0
2005-01-22 17:00:00,-625.8418530451447,0
2005-01-22 18:00:00,-588.1720200841075,0
2005-01-22 19:00:00,-544.9416989671281,0
2005-01-22 20:00:00,-496.12002683471724,0
2005-01-22 21:00:00,-441.74501566975493,0
2005-01-22 22:00:00,-381.9262248614711,0
2005-01-22 23:00:00,-316.84639389661305,0
2005-01-23 00:00:00,-246.76198226476197,0
2005-01-23 01:00:00,-172.00258039579717,0
2005-01-23 02:00:00,-92.96917299700311,0
2005-01-23 03:00:00,-10.131254249998904,0
2005-01-23 04:00:00,75.97718732161701,0
2005-01-23 05:00:00,164.76277818586425,0
2005-01-23 06:00:00,255.57890921880772,0
2005-01-23 07:00:00,347.73285371275557,0
2005-01-23 08:00:00,440.49376601226584,0
2005-01-23 09:00:00,533.1014575121,0
2005-01-23 10:00:00,624.7758328745346,0
2005-01-23 11:00:00,714.7268571044951,0
2005-01-23 12:00:00,802.164913770593,0
2005-01-23 13:00:00,886.3114063574383,0
2005-01-23 14:00:00,966.4094486316762,0
2005-01-23 15:00:00,1041.7344861165998,0
2005-01-23 16:00:00,1111.604689379923,0
2005-01-23 17:00:00,1175.390960890387,0
2005-01-23 18:00:00,1232.526400698021,0
2005-01-23 19:00:00,1282.5150821081775,0
2005-01-23 20:00:00,1324.9399967815737,0
2005-01-23 21:00:00,1359.4700391947267,0
2005-01-23 22:00:00,1385.8659129952275,0
2005-01-23 23:00:00,1403.9848563089008,0
2005-01-24 00:00:00,1413.7840992940114,0
2005-01-24 01:00:00,1415.3229849571258,0
2005-01-24 02:00:00,1408.7637031871427,0
2005-01-24 03:00:00,1394.3706078486734,0
2005-01-24 04:00:00,1372.5081073081974,0
2005-01-24 05:00:00,1343.6371396382835,0
2005-01-24 06:00:00,1308.3102646427806,0
2005-01-24 07:00:00,1267.1654254518053,0
2005-01-24 08:00:00,1220.9184524362386,0
2005-01-24 09:00:00,1170.354401280196,0
2005-01-24 10:00:00,1116.3178349320276,0
2005-01-24 11:00:00,1059.7021755535052,0
2005-01-24 12:00:00,1001.4382672445379,0
2005-01-24 13:00:00,942.4823030083072,0
2005-01-24 14:00:00,883.8032799345247,0
2005-01-24 15:00:00,826.3701547481382,0
2005-01-24 16:00:00,771.1388775603757,0
2005-01-24 17:00:00,719.0394847709608,0
2005-01-24 18:00:00,670.9634325439181,0
2005-01-24 19:00:00,627.7513500950608,0
2005-01-24 20:00:00,590.1813872062932,0
2005-01-24 21:00:00,558.9583229798172,0
2005-01-24 22:00:00,534.703592964074,0
2005-01-24 23:00:00,517.9463795574686,0
2005-01-25 00:00:00,509.1158962000245,0
2005-01-25 01:00:00,508.5349795004793,0
2005-01-25 02:00:00,516.4150853543719,0
2005-01-25 03:00:00,532.8527655482362,0
2005-01-25 04:00:00,557.8276806021777,0
2005-01-25 05:00:00,591.2021829804937,0
2005-01-25 06:00:00,632.7224826155243,0
2005-01-25 07:00:00,682.0213842695093,0
2005-01-25 08:00:00,738.6225639337399,0
2005-01-25 09:00:00,801.9463295631135,0
2005-01-25 10:00:00,871.3167902915645,0
2005-01-25 11:00:00,945.970338182054,0
2005-01-25 12:00:00,1025.0653278325353,0
2005-01-25 13:00:00,1107.6928220626735,0
2005-01-25 14:00:00,1192.8882566996676,0
2005-01-25 15:00:00,1279.6438643895576,0
2005-01-25 16:00:00,1366.9216865768371,0
2005-01-25 17:00:00,1453.6669944794953,0
2005-01-25 18:00:00,1538.8219341604943,0
2005-01-25 19:00:00,1621.3392077446047,0
2005-01-25 20:00:00,1700.1956024941878,0
2005-01-25 21:00:00,1774.4051818430155,0
2005-01-25 22:00:00,1843.0319575547326,0
2005-01-25 23:00:00,1905.2018698459524,0
2005-01-26 00:00:00,1960.113912474972,0
2005-01-26 01:00:00,2007.0502522938175,0
2005-01-26 02:00:00,2045.3852074044482,0
2005-01-26 03:00:00,2074.592964629636,0
2005-01-26 04:00:00,2094.253935257422,0
2005-01-26 05:00:00,2104.059667670961,0
2005-01-26 06:00:00,2103.81625624056,0
2005-01-26 07:00:00,2093.446207421501,0
2005-01-26 08:00:00,2072.98874604934,0
2005-01-26 09:00:00,2042.5985670266834,0
2005-01-26 10:00:00,2002.5430596232368,0
2005-01-26 11:00:00,1953.1980531395518,0
2005-01-26 12:00:00,1895.0421533974602,0
2005-01-26 13:00:00,1828.6497591140806,0
2005-01-26 14:00:00,1754.6828654057945,0
2005-01-26 15:00:00,1673.8817781907371,0
2005-01-26 16:00:00,1587.054877876297,0
2005-01-26 17:00:00,1495.0675832236607,0
2005-01-26 18:00:00,1398.8306765011403,0
2005-01-26 19:00:00,1299.2881588305795,0
2005-01-26 20:00:00,1197.404809895936,0
2005-01-26 21:00:00,1094.1536288550653,0
2005-01-26 22:00:00,990.5033333518046,0
2005-01-26 23:00:00,887.4060909800223,0
2005-01-27 00:00:00,785.7856524602576,0
2005-01-27 01:00:00,686.5260482452995,0
2005-01-27 02:00:00,590.4610004035944,0
2005-01-27 03:00:00,498.36418960373277,0
2005-01-27 04:00:00,410.9405030343431,0
2005-01-27 05:00:00,328.8183733689477,0
2005-01-27 06:00:00,252.5433016721874,0
2005-01-27 07:00:00,182.57263871624855,0
2005-01-27 08:00:00,119.27167982108693,0
2005-01-27 09:00:00,62.91110835061926,0
2005-01-27 10:00:00,13.665802697638583,0
2005-01-27 11:00:00,-28.384998715801714,0
2005-01-27 12:00:00,-63.25619989906534,0
2005-01-27 13:00:00,-1915.9410838383988,1
2005-01-27 14:00:00,-111.9721942570381,0
2005-01-27 15:00:00,-1572.9969487357307,1
2005-01-27 16:00:00,-134.3484776471214,0
2005-01-27 17:00:00,-136.57908375499426,0
2005-01-27 18:00:00,-133.459784350348,0
2005-01-27 19:00:00,-125.52442636376719,0
2005-01-27 20:00:00,-113.34997167208257,0
2005-01-27 21:00:00,-97.54694114624601,0
2005-01-27 22:00:00,-78.74961989114115,0
2005-01-27 23:00:00,-57.60617597795243,0
2005-01-28 00:00:00,-34.76884373833815,0
2005-01-28 01:00:00,-10.884319121860585,0
2005-01-28 02:00:00,13.415491205391504,0
2005-01-28 03:00:00,37.5222333092899,0
2005-01-28 04:00:00,60.85925823203462,0
2005-01-28 05:00:00,82.88905105923385,0
2005-01-28 06:00:00,103.11983822675109,0
2005-01-28 07:00:00,121.11128925736381,0
2005-01-28 08:00:00,136.47924502405925,0
2005-01-28 09:00:00,148.8994214117011,0
2005-01-28 10:00:00,158.11005461453686,0
2005-01-28 11:00:00,163.91347197831544,0
2005-01-28 12:00:00,166.17658998621255,0
2005-01-28 13:00:00,164.83035841019438,0
2005-01-28 14:00:00,159.86818652618695,0
2005-01-28 15:00:00,151.34340335261209,0
2005-01-28 16:00:00,139.36581886507264,0
2005-01-28 17:00:00,124.09746683115782,0
2005-01-28 18:00:00,105.74762208573378,0
2005-01-28 19:00:00,84.56719554553104,0
2005-01-28 20:00:00,60.842618883520515,0
2005-01-28 21:00:00,34.88933742522329,0
2005-01-28 22:00:00,7.045034397847871,0
2005-01-28 23:00:00,-22.337287898164163,0
2005-01-29 00:00:00,-52.89624413899526,0
2005-01-29 01:00:00,-84.26889524465292,0
2005-01-29 02:00:00,-116.09735080177796,0
2005-01-29 03:00:00,-148.03503053017226,0
2005-01-29 04:00:00,-179.75247852297343,0
2005-01-29 05:00:00,-210.94263357838724,0
2005-01-29 06:00:00,-241.32547010025934,0
2005-01-29 07:00:00,-270.6519365767985,0
2005-01-29 08:00:00,-298.7071323293844,0
2005-01-29 09:00:00,-325.31267781749546,0
2005-01-29 10:00:00,-350.3282490379094,0
2005-01-29 11:00:00,-373.6522622023419,0
2005-01-29 12:00:00,-395.2217106489157,0
2005-01-29 13:00:00,-415.01117156884277,0
2005-01-29 14:00:00,-433.0310153433595,0
2005-01-29 15:00:00,-449.3248648281621,0
2005-01-29 16:00:00,-463.9663655460975,0
2005-01-29 17:00:00,-477.0553402223803,0
2005-01-29 18:00:00,-488.71341220879094,0
2005-01-29 19:00:00,-499.0791919059557,0
2005-01-29 20:00:00,-508.3031281447832,0
2005-01-29 21:00:00,-516.5421324958853,0
2005-01-29 22:00:00,-523.9540885387167,0
2005-01-29 23:00:00,-530.6923601715113,0
2005-01-30 00:00:00,-536.9004130438957,0
2005-01-30 01:00:00,-542.7066611466946,0
2005-01-30 02:00:00,-548.219646532772,0
2005-01-30 03:00:00,-553.5236541362631,0
2005-01-30 04:00:00,-558.674855807955,0
2005-01-30 05:00:00,-563.6980681236541,0
2005-01-30 06:00:00,-568.5841974119966,0
2005-01-30 07:00:00,-573.288432976453,0
2005-01-30 08:00:00,-577.7292358648161,0
2005-01-30 09:00:00,-581.788155998818,0
2005-01-30 10:00:00,-585.3104952648825,0
2005-01-30 11:00:00,-588.1068185425638,0
2005-01-30 12:00:00,-589.9552988780858,0
2005-01-30 13:00:00,-590.6048673657822,0
2005-01-30 14:00:00,-589.779123050052,0
2005-01-30 15:00:00,-587.1809435680074,0
2005-01-30 16:00:00,-582.497723571836,0
2005-01-30 17:00:00,-575.4071554398816,0
2005-01-30 18:00:00,-565.5834556272307,0
2005-01-30 19:00:00,-552.7039304204877,0
2005-01-30 20:00:00,-536.4557670210231,0
2005-01-30 21:00:00,-516.5429299326728,0
2005-01-30 22:00:00,-492.69303868886294,0
2005-01-30 23:00:00,-464.6641011037079,0
2005-01-31 00:00:00,-432.2509765192576,0
2005-01-31 01:00:00,-395.29144596141725,0
2005-01-31 02:00:00,-353.6717706869007,0
2005-01-31 03:00:00,-307.3316272465635,0
2005-01-31 04:00:00,-256.2683158134331,0
2005-01-31 05:00:00,-200.54014900301922,0
2005-01-31 06:00:00,-140.26894059162896,0
2005-01-31 07:00:00,-75.64152722988354,0
2005-01-31 08:00:00,-6.910271243483066,0
2005-01-31 09:00:00,65.60749132477065,0
2005-01-31 10:00:00,141.5310764001972,0
2005-01-31 11:00:00,220.41915283372742,0
2005-01-31 12:00:00,301.7735024854021,0
2005-01-31 13:00:00,385.0438056158441,0
2005-01-31 14:00:00,469.6334004009099,0
2005-01-31 15:00:00,554.9059486093679,0
2005-01-31 16:00:00,640.1929235761489,0
2005-01-31 17:00:00,724.8018218298681,0
2005-01-31 18:00:00,808.0249863430754,0
2005-01-31 19:00:00,889.1489175948594,0
2005-01-31 20:00:00,967.4639386747501,0
2005-01-31 21:00:00,1042.2740726903564,0
2005-01-31 22:00:00,1112.9069849173152,0
2005-01-31 23:00:00,1178.723838562353,0
2005-02-01 00:00:00,1239.1289117783997,0
2005-02-01 01:00:00,1293.578824717625,0
2005-02-01 02:00:00,1341.5912289390467,0
2005-02-01 03:00:00,1382.7528173710248,0
2005-02-01 04:00:00,1416.7265211951994,0
2005-02-01 05:00:00,1443.2577703622346,0
2005-02-01 06:00:00,1462.179706830008,0
2005-02-01 07:00:00,1473.4172538581888,0
2005-02-01 08:00:00,1476.9899605954213,0
2005-02-01 09:00:00,1473.013558524739,0
2005-02-01 10:00:00,1461.7001848348114,0
2005-02-01 11:00:00,1443.357247182862,0
2005-02-01 12:00:00,1418.3849243190323,0
2005-02-01 13:00:00,1387.2723173483982,0
2005-02-01 14:00:00,1350.5922867074428,0
2005-02-01 15:00:00,1308.995029913363,0
2005-02-01 16:00:00,1263.2004745009092,0
2005-02-01 17:00:00,1213.9895789903044,0
2005-02-01 18:00:00,1162.194651942859,0
2005-02-01 19:00:00,1108.6888148876976,0
2005-02-01 20:00:00,1327.4369181621091,1
2005-02-01 21:00:00,1000.1728765759215,0
2005-02-01 22:00:00,947.0091412359379,0
2005-02-01 23:00:00,895.8025522974295,0
2005-02-02 00:00:00,847.4526713951568,0
2005-02-02 01:00:00,802.8272159384762,0
2005-02-02 02:00:00,762.749956957544,0
2005-02-02 03:00:00,727.9890853579161,0
2005-02-02 04:00:00,699.2462154473217,0
2005-02-02 05:00:00,677.146186807056,0
2005-02-02 06:00:00,662.2278153625509,0
2005-02-02 07:00:00,654.9357320032206,0
2005-02-02 08:00:00,655.6134324856677,0
2005-02-02 09:00:00,664.4976458333999,0
2005-02-02 10:00:00,681.7141102585279,0
2005-02-02 11:00:00,707.2748260386022,0
2005-02-02 12:00:00,741.0768340707239,0
2005-02-02 13:00:00,782.9025472982637,0
2005-02-02 14:00:00,832.4216401794054,0
2005-02-02 15:00:00,889.1944791661236,0
2005-02-02 16:00:00,952.6770551158478,0
2005-02-02 17:00:00,1022.2273569930959,0
2005-02-02 18:00:00,1097.1131054553462,0
2005-02-02 19:00:00,1176.520745265781,0
2005-02-02 20:00:00,1259.5655772297387,0
2005-02-02 21:00:00,1345.3028937832344,0
2005-02-02 22:00:00,1432.7399677209523,0
2005-02-02 23:00:00,1520.848731056285,0
2005-02-03 00:00:00,1608.578970846675,0
2005-02-03 01:00:00,1694.8718611462273,0
2005-02-03 02:00:00,1778.6736451817792,0
2005-02-03 03:00:00,1858.949279465168,0
2005-02-03 04:00:00,1934.6958518913943,0
2005-02-03 05:00:00,2004.955588926747,0
2005-02-03 06:00:00,2068.8282727185115,0
2005-02-03 07:00:00,2125.4828972759374,0
2005-02-03 08:00:00,2174.1684036570755,0
2005-02-03 09:00:00,2214.223347190432,0
2005-02-03 10:00:00,2245.0843649683325,0
2005-02-03 11:00:00,2266.293328947404,0
2005-02-03 12:00:00,2277.5030887259677,0
2005-02-03 13:00:00,2278.4817281613286,0
2005-02-03 14:00:00,2269.115281144717,0
2005-02-03 15:00:00,2249.408873754419,0
2005-02-03 16:00:00,2219.486282334986,0
2005-02-03 17:00:00,2179.5879194724366,0
2005-02-03 18:00:00,2130.0672820217114,0
2005-02-03 19:00:00,2071.38591696679,0
2005-02-03 20:00:00,2004.1069816384916,0
2005-02-03 21:00:00,1928.887494376932,0
2005-02-03 22:00:00,1846.4693898194207,0
2005-02-03 23:00:00,1757.6695093582514,0
2005-02-04 00:00:00,1663.3686717110788,0
2005-02-04 01:00:00,1564.4999807729498,0
2005-02-04 02:00:00,1462.036537802554,0
2005-02-04 03:00:00,1356.9787323981939,0
2005-02-04 04:00:00,1250.3412915436088,0
2005-02-04 05:00:00,1143.1402681892555,0
2005-02-04 06:00:00,1036.380150362634,0
2005-02-04 07:00:00,931.0412686901407,0
2005-02-04 08:00:00,828.067674524919,0
2005-02-04 09:00:00,728.3556527068507,0
2005-02-04 10:00:00,632.743022468262,0
2005-02-04 11:00:00,541.9993673138475,0
2005-02-04 12:00:00,456.8173200451682,0
2005-02-04 13:00:00,377.80501270313687,0
2005-02-04 14:00:00,305.4797833198593,0
2005-02-04 15:00:00,240.2632122838533,0
2005-02-04 16:00:00,182.4775411224939,0
2005-02-04 17:00:00,132.3435058999127,0
2005-02-04 18:00:00,89.97959653242526,0
2005-02-04 19:00:00,55.402732451703855,0
2005-02-04 20:00:00,28.530324514558515,0
2005-02-04 21:00:00,9.183673173857756,0
2005-02-04 22:00:00,-2.9073660160106556,0
2005-02-04 23:00:00,-8.098536205056348,0
2005-02-05 00:00:00,-6.824255248642885,0
2005-02-05 01:00:00,0.41026869076119965,0
2005-02-05 02:00:00,13.037751935292931,0
2005-02-05 03:00:00,30.438239969147503,0
2005-02-05 04:00:00,51.94905323207888,0
2005-02-05 05:00:00,76.87511934412134,0
2005-02-05 06:00:00,104.49953357740014,0
2005-02-05 07:00:00,134.09418833981573,0
2005-02-05 08:00:00,164.93031382555358,0
2005-02-05 09:00:00,196.28877577474515,0
2005-02-05 10:00:00,227.46998238749336,0
2005-02-05 11:00:00,257.80326073927745,0
2005-02-05 12:00:00,286.65557339581795,0
2005-02-05 13:00:00,313.4394581429608,0
2005-02-05 14:00:00,337.62008762395516,0
2005-02-05 15:00:00,358.7213609779348,0
2005-02-05 16:00:00,376.3309560453413,0
2005-02-05 17:00:00,390.104288078434,0
2005-02-05 18:00:00,399.76733888437457,0
2005-02-05 19:00:00,405.1183386450484,0
2005-02-05 20:00:00,406.0283010074945,0
2005-02-05 21:00:00,402.4404301307599,0
2005-02-05 22:00:00,394.3684359233879,0
2005-02-05 23:00:00,381.8938104363357,0
2005-02-06 00:00:00,365.16213402886274,0
2005-02-06 01:00:00,344.3784942611351,0
2005-02-06 02:00:00,319.8021132678378,0
2005-02-06 03:00:00,291.7402904421511,0
2005-02-06 04:00:00,260.5417764474044,0
2005-02-06 05:00:00,226.58970174298815,0
2005-02-06 06:00:00,190.29418786639332,0
2005-02-06 07:00:00,152.08477259220513,0
2005-02-06 08:00:00,112.40278076516216,0
2005-02-06 09:00:00,71.69377108826404,0
2005-02-06 10:00:00,30.400185483864675,0
2005-02-06 11:00:00,-11.045678084419137,0
2005-02-06 12:00:00,-52.22825612449935,0
2005-02-06 13:00:00,-92.75476975114907,0
2005-02-06 14:00:00,-132.2606418592252,0
2005-02-06 15:00:00,-170.41420131394977,0
2005-02-06 16:00:00,-206.9206079157576,0
2005-02-06 17:00:00,-241.52494664997982,0
2005-02-06 18:00:00,-274.01445520312757,0
2005-02-06 19:00:00,-304.21986465305247,0
2005-02-06 20:00:00,-332.0158493474968,0
2005-02-06 21:00:00,-357.3205980012277,0
2005-02-06 22:00:00,-380.0945336957011,0
2005-02-06 23:00:00,-400.33822549396973,0
2005-02-07 00:00:00,-418.0895485352587,0
2005-02-07 01:00:00,-433.4201625122697,0
2005-02-07 02:00:00,-446.43139014413066,0
2005-02-07 03:00:00,-457.24958744438993,0
2005-02-07 04:00:00,-466.021106080119,0
2005-02-07 05:00:00,-472.9069547857754,0
2005-02-07 06:00:00,-478.0772715278772,0
2005-02-07 07:00:00,-481.7057208373187,0
2005-02-07 08:00:00,-483.9639313962282,0
2005-02-07 09:00:00,-485.01608757908343,0
2005-02-07 10:00:00,-485.0137852313593,0
2005-02-07 11:00:00,-484.0912565869736,0
2005-02-07 12:00:00,-482.36106197317497,0
2005-02-07 13:00:00,-479.91033695614294,0
2005-02-07 14:00:00,-476.7976729983699,0
2005-02-07 15:00:00,-473.05069771360536,0
2005-02-07 16:00:00,-468.6644076237835,0
2005-02-07 17:00:00,-463.60029217158103,0
2005-02-07 18:00:00,-457.78627286640676,0
2005-02-07 19:00:00,-451.1174660968114,0
2005-02-07 20:00:00,-443.45776259243814,0
2005-02-07 21:00:00,-434.64220103286505,0
2005-02-07 22:00:00,-424.4800981459008,0
2005-02-07 23:00:00,-412.75888307763535,0
2005-02-08 00:00:00,-399.2485701032906,0
2005-02-08 01:00:00,-383.7067911221195,0
2005-02-08 02:00:00,-365.88429806335034,0
2005-02-08 03:00:00,-345.53083552386863,0
2005-02-08 04:00:00,-322.40127583891945,0
2005-02-08 05:00:00,-296.26190250269167,0
2005-02-08 06:00:00,-266.8967235250793,0
2005-02-08 07:00:00,-234.11369401996637,0
2005-02-08 08:00:00,-197.75072712206145,0
2005-02-08 09:00:00,-157.6813742408525,0
2005-02-08 10:00:00,-113.82005966561235,0
2005-02-08 11:00:00,-66.12676057983833,0
2005-02-08 12:00:00,-14.611031543593754,0
2005-02-08 13:00:00,40.6647176637058,0
2005-02-08 14:00:00,99.5827704296504,0
2005-02-08 15:00:00,161.9685444906832,0
2005-02-08 16:00:00,227.58997815372322,0
2005-02-08 17:00:00,296.15789840848845,0
2005-02-08 18:00:00,367.32739156398844,0
2005-02-08 19:00:00,440.7001802637141,0
2005-02-08 20:00:00,515.8279936675062,0
2005-02-08 21:00:00,592.2169005124586,0
2005-02-08 22:00:00,669.3325579647992,0
2005-02-08 23:00:00,746.6063129271404,0
2005-02-09 00:00:00,823.4420770446853,0
2005-02-09 01:00:00,899.2238823202351,0
2005-02-09 02:00:00,973.3240112472371,0
2005-02-09 03:00:00,1045.1115839277777,0
2005-02-09 04:00:00,1113.961474960386,0
2005-02-09 05:00:00,1179.2634251361035,0
2005-02-09 06:00:00,1240.4312073157973,0
2005-02-09 07:00:00,1296.9117023895878,0
2005-02-09 08:00:00,1348.1937400194279,0
2005-02-09 09:00:00,1393.8165599804815,0
2005-02-09 10:00:00,1433.3777533526768,0
2005-02-09 11:00:00,1466.540548538534,0
2005-02-09 12:00:00,1493.0403150299828,0
2005-02-09 13:00:00,1512.6901679115306,0
2005-02-09 14:00:00,1525.3855681314183,0
2005-02-09 15:00:00,1531.1078274257973,0
2005-02-09 16:00:00,1529.9264422430883,0
2005-02-09 17:00:00,1522.000197858929,0
2005-02-09 18:00:00,1507.5770018456365,0
2005-02-09 19:00:00,1486.9924248929874,0
2005-02-09 20:00:00,1460.666946383692,0
2005-02-09 21:00:00,1429.1019218099523,0
2005-02-09 22:00:00,1392.874308772115,0
2005-02-09 23:00:00,1352.6302076234797,0
2005-02-10 00:00:00,1309.0772915117373,0
2005-02-10 01:00:00,1262.9762183244934,0
2005-02-10 02:00:00,1215.1311335905311,0
2005-02-10 03:00:00,1166.3793884553015,0
2005-02-10 04:00:00,1117.580610193616,0
2005-02-10 05:00:00,1069.6052741252124,0
2005-02-10 06:00:00,1023.3229350707254,0
2005-02-10 07:00:00,979.5902834649341,0
2005-02-10 08:00:00,939.2391958087885,0
2005-02-10 09:00:00,903.0649512013266,0
2005-02-10 10:00:00,871.8147851985732,0
2005-02-10 11:00:00,846.1769491851518,0
2005-02-10 12:00:00,826.7704378457977,0
2005-02-10 13:00:00,814.1355392528098,0
2005-02-10 14:00:00,808.7253516481934,0
2005-02-10 15:00:00,810.8983983361388,0
2005-02-10 16:00:00,820.9124573898252,0
2005-02-10 17:00:00,838.9197063237682,0
2005-02-10 18:00:00,864.9632637270741,0
2005-02-10 19:00:00,898.9751903563717,0
2005-02-10 20:00:00,940.7759916346072,0
2005-02-10 21:00:00,990.0756421948759,0
2005-02-10 22:00:00,1046.476131361515,0
2005-02-10 23:00:00,1109.4755065961083,0
2005-02-11 00:00:00,1178.473370279621,0
2005-02-11 01:00:00,1252.7777640768325,0
2005-02-11 02:00:00,1331.6133548525534,0
2005-02-11 03:00:00,1414.1308169863414,0
2005-02-11 04:00:00,1499.4172882510156,0
2005-02-11 05:00:00,1586.5077604499738,0
2005-02-11 06:00:00,1674.3972519907866,0
2005-02-11 07:00:00,1762.0535977230134,0
2005-02-11 08:00:00,1848.430681867959,0
2005-02-11 09:00:00,1932.4819328667954,0
2005-02-11 10:00:00,2013.1738945789793,0
2005-02-11 11:00:00,2089.4996865488924,0
2005-02-11 12:00:00,2160.4921670551853,0
2005-02-11 13:00:00,2225.2366163567267,0
2005-02-11 14:00:00,2282.88276390062,0
2005-02-11 15:00:00,2332.655992172547,0
2005-02-11 16:00:00,2373.86756122096,0
2005-02-11 17:00:00,2405.9237115082024,0
2005-02-11 18:00:00,2428.3335184368757,0
2005-02-11 19:00:00,2440.7153894377707,0
2005-02-11 20:00:00,2442.8021136301254,0
2005-02-11 21:00:00,2434.4443944942504,0
2005-02-11 22:00:00,2415.6128174303626,0
2005-02-11 23:00:00,2386.3982262001705,0
2005-02-12 00:00:00,2347.010504733462,0
2005-02-12 01:00:00,2297.7757832996767,0
2005-02-12 02:00:00,2239.1321102627444,0
2005-02-12 03:00:00,2171.6236522296404,0
2005-02-12 04:00:00,2095.8935060521126,0
2005-02-12 05:00:00,2012.6752255444546,0
2005-02-12 06:00:00,1922.7831836541977,0
2005-02-12 07:00:00,1827.1019069075405,0
2005-02-12 08:00:00,1726.5745330124914,0
2005-02-12 09:00:00,1622.1905543405746,0
2005-02-12 10:00:00,1514.9730194502135,0
2005-02-12 11:00:00,1405.9653717323906,0
2005-02-12 12:00:00,1296.218108554434,0
2005-02-12 13:00:00,1186.7754458993745,0
2005-02-12 14:00:00,1078.662172427295,0
2005-02-12 15:00:00,972.870873151695,0
2005-02-12 16:00:00,870.3496965895904,0
2005-02-12 17:00:00,771.9908304169609,0
2005-02-12 18:00:00,678.6198394790924,0
2005-02-12 19:00:00,590.9860066480398,0
2005-02-12 20:00:00,509.7538016928338,0
2005-02-12 21:00:00,435.4955862707513,0
2005-02-12 22:00:00,368.6856446212662,0
2005-02-12 23:00:00,309.6956098331541,0
2005-02-13 00:00:00,258.7913349572786,0
2005-02-13 01:00:00,216.13123706742124,0
2005-02-13 02:00:00,181.7661209460499,0
2005-02-13 03:00:00,155.64046771456367,0
2005-02-13 04:00:00,137.59515275558124,0
2005-02-13 05:00:00,127.37153700109525,0
2005-02-13 06:00:00,124.61685638246979,0
2005-02-13 07:00:00,128.89081624069127,0
2005-02-13 08:00:00,139.673281036993,0
2005-02-13 09:00:00,156.37293502368027,0
2005-02-13 10:00:00,178.33677683945564,0
2005-02-13 11:00:00,204.8603004595094,0
2005-02-13 12:00:00,235.19820670062597,0
2005-02-13 13:00:00,268.57548366188706,0
2005-02-13 14:00:00,304.1986911412862,0
2005-02-13 15:00:00,341.2672832364264,0
2005-02-13 16:00:00,378.9848050076554,0
2005-02-13 17:00:00,416.56980320473724,0
2005-02-13 18:00:00,453.26629755127186,0
2005-02-13 19:00:00,488.353667823005,0
2005-02-13 20:00:00,521.1558227930229,0
2005-02-13 21:00:00,551.0495298635283,0
2005-02-13 22:00:00,577.4717986452335,0
2005-02-13 23:00:00,599.9262276446634,0
2005-02-14 00:00:00,617.9882403151798,0
2005-02-14 01:00:00,631.3091547451702,0
2005-02-14 02:00:00,639.6190499056552,0
2005-02-14 03:00:00,642.728410365617,0
2005-02-14 04:00:00,640.5285504047024,0
2005-02-14 05:00:00,632.9908372144846,0
2005-02-14 06:00:00,620.1647510871703,0
2005-02-14 07:00:00,602.174837866322,0
2005-02-14 08:00:00,579.2166252109589,0
2005-02-14 09:00:00,551.5515891577573,0
2005-02-14 10:00:00,519.501270831719,0
2005-02-14 11:00:00,483.4406547599218,0
2005-02-14 12:00:00,443.7909299159511,0
2005-02-14 13:00:00,401.01176223336654,0
2005-02-14 14:00:00,355.5932127705461,0
2005-02-14 15:00:00,308.0474389251283,0
2005-02-14 16:00:00,258.90031705080486,0
2005-02-14 17:00:00,208.6831235340162,0
2005-02-14 18:00:00,157.92440788233898,0
2005-02-14 19:00:00,107.14218574282438,0
2005-02-14 20:00:00,56.83657211653076,0
2005-02-14 21:00:00,7.4829655117040375,0
2005-02-14 22:00:00,-40.47411744560054,0
2005-02-14 23:00:00,-86.62647014643358,0
2005-02-15 00:00:00,-130.6068140809749,0
2005-02-15 01:00:00,-172.0925491006908,0
2005-02-15 02:00:00,-210.80859390171463,0
2005-02-15 03:00:00,-246.52929108544208,0
2005-02-15 04:00:00,-279.0793676998328,0
2005-02-15 05:00:00,-308.3339586670388,0
2005-02-15 06:00:00,-334.2177166848627,0
2005-02-15 07:00:00,-356.7030477838624,0
2005-02-15 08:00:00,-375.80752647059455,0
2005-02-15 09:00:00,-391.5905580507159,0
2005-02-15 10:00:00,-404.1493680794556,0
2005-02-15 11:00:00,-413.6144097342833,0
2005-02-15 12:00:00,-420.1442890692865,0
2005-02-15 13:00:00,-423.92031545158034,0
2005-02-15 14:00:00,-425.1407898802131,0
2005-02-15 15:00:00,-424.01514726971106,0
2005-02-15 16:00:00,-420.75807009480843,0
2005-02-15 17:00:00,-3203.4106353781744,1
2005-02-15 18:00:00,-408.6999913965832,0
2005-02-15 19:00:00,-400.3035254194649,0
2005-02-15 20:00:00,-390.57453755954225,0
2005-02-15 21:00:00,-379.6726016932969,0
2005-02-15 22:00:00,-367.7328447573402,0
2005-02-15 23:00:00,-354.86283388636616,0
2005-02-16 00:00:00,-341.140185225309,0
2005-02-16 01:00:00,-326.61093972582796,0
2005-02-16 02:00:00,-311.2887365807625,0
2005-02-16 03:00:00,-295.15479976389327,0
2005-02-16 04:00:00,-278.15873768828556,0
2005-02-16 05:00:00,-260.2201405424935,0
2005-02-16 06:00:00,-1998.1718723692566,1
2005-02-16 07:00:00,-221.05851875987037,0
2005-02-16 08:00:00,-199.54941253940638,0
2005-02-16 09:00:00,-176.53369622550224,0
2005-02-16 10:00:00,-151.82980688124428,0
2005-02-16 11:00:00,-125.24980809388785,0
2005-02-16 12:00:00,-96.60496067513702,0
2005-02-16 13:00:00,-65.71149541895761,0
2005-02-16 14:00:00,-32.39647412787383,0
2005-02-16 15:00:00,3.4963777005817747,0
2005-02-16 16:00:00,42.10098389923439,0
2005-02-16 17:00:00,83.52349242588332,0
2005-02-16 18:00:00,127.83722460421575,0
2005-02-16 19:00:00,174.45416531081014,0
2005-02-16 20:00:00,223.9927979255225,0
2005-02-16 21:00:00,276.4029670560077,0
2005-02-16 22:00:00,331.58725672250694,0
2005-02-16 23:00:00,389.39924769398147,0
2005-02-17 00:00:00,449.6426486609952,0
2005-02-17 01:00:00,512.0713404058697,0
2005-02-17 02:00:00,576.3903565373963,0
2005-02-17 03:00:00,642.2578081755516,0
2005-02-17 04:00:00,709.2877434705297,0
2005-02-17 05:00:00,777.0539162932714,0
2005-02-17 06:00:00,845.0944221202993,0
2005-02-17 07:00:00,912.9171433283834,0
2005-02-17 08:00:00,980.0059310836407,0
2005-02-17 09:00:00,1045.827437011851,0
2005-02-17 10:00:00,1109.8384951154972,0
2005-02-17 11:00:00,1171.4939431800608,0
2005-02-17 12:00:00,1230.254763389315,0
2005-02-17 13:00:00,1285.5964142177027,0
2005-02-17 14:00:00,1337.0172200350946,0
2005-02-17 15:00:00,1384.046681354622,0
2005-02-17 16:00:00,1426.2535673591528,0
2005-02-17 17:00:00,1463.2536532979989,0
2005-02-17 18:00:00,1494.716968561388,0
2005-02-17 19:00:00,1520.3744266856613,0
2005-02-17 20:00:00,1540.0237161531516,0
2005-02-17 21:00:00,1553.5343405248059,0
2005-02-17 22:00:00,1560.8517080486654,0
2005-02-17 23:00:00,1562.0001842534866,0
2005-02-18 00:00:00,1557.0850359713286,0
2005-02-18 01:00:00,1546.293211510355,0
2005-02-18 02:00:00,1529.8929190755416,0
2005-02-18 03:00:00,1508.2319837436828,0
2005-02-18 04:00:00,1481.7349820614186,0
2005-02-18 05:00:00,1450.8991723570416,0
2005-02-18 06:00:00,1416.2892578438323,0
2005-02-18 07:00:00,1378.5310382424707,0
2005-02-18 08:00:00,1338.3040236681245,0
2005-02-18 09:00:00,1296.3331016247369,0
2005-02-18 10:00:00,1253.3793638484801,0
2005-02-18 11:00:00,1210.2302141850596,0
2005-02-18 12:00:00,1167.6888914327737,0
2005-02-18 13:00:00,1126.5635519210045,0
2005-02-18 14:00:00,1087.656065336544,0
2005-02-18 15:00:00,1051.7506838039094,0
2005-02-18 16:00:00,1019.6027483498349,0
2005-02-18 17:00:00,991.9275985525021,0
2005-02-18 18:00:00,969.3898503448995,0
2005-02-18 19:00:00,952.5932036026761,0
2005-02-18 20:00:00,942.0709353271166,0
2005-02-18 21:00:00,-2412.2197512653775,1
2005-02-18 22:00:00,941.5794561958543,0
2005-02-18 23:00:00,952.2515976939276,0
2005-02-19 00:00:00,970.4688089497027,0
2005-02-19 01:00:00,996.3033279567803,0
2005-02-19 02:00:00,1029.7217378301173,0
2005-02-19 03:00:00,1070.583661016063,0
2005-02-19 04:00:00,1118.6419178036963,0
2005-02-19 05:00:00,1173.544163835756,0
2005-02-19 06:00:00,1234.8359999601096,0
2005-02-19 07:00:00,1301.9655263385632,0
2005-02-19 08:00:00,1374.2892915594712,0
2005-02-19 09:00:00,1451.0795669039426,0
2005-02-19 10:00:00,1531.5328562043,0
2005-02-19 11:00:00,1614.7795332074588,0
2005-02-19 12:00:00,1699.894481299157,0
2005-02-19 13:00:00,1785.9085951189031,0
2005-02-19 14:00:00,1871.8209902382027,0
2005-02-19 15:00:00,1956.6117558936176,0
2005-02-19 16:00:00,2039.2550769391135,0
2005-02-19 17:00:00,2118.73254484838,0
2005-02-19 18:00:00,2194.0464738645487,0
2005-02-19 19:00:00,2264.233037324568,0
2005-02-19 20:00:00,2328.3750408068845,0
2005-02-19 21:00:00,2385.614153046862,0
2005-02-19 22:00:00,2435.1624224819416,0
2005-02-19 23:00:00,2476.3129167316592,0
2005-02-20 00:00:00,2508.44933415476,0
2005-02-20 01:00:00,2531.054450687744,0
2005-02-20 02:00:00,2543.7172812541203,0
2005-02-20 03:00:00,2546.1388529076885,0
2005-02-20 04:00:00,2538.1365062766818,0
2005-02-20 05:00:00,2519.6466625248295,0
2005-02-20 06:00:00,2490.7260146375806,0
2005-02-20 07:00:00,2451.551124060067,0
2005-02-20 08:00:00,2402.4164262310574,0
2005-02-20 09:00:00,2343.7306710430107,0
2005-02-20 10:00:00,2276.0118463807676,0
2005-02-20 11:00:00,2199.880654325462,0
2005-02-20 12:00:00,2116.052630039118,0
2005-02-20 13:00:00,2025.3290124698742,0
2005-02-20 14:00:00,1928.5864935556674,0
2005-02-20 15:00:00,1826.7659882991238,0
2005-02-20 16:00:00,1720.86058170803,0
2005-02-20 17:00:00,1611.9028199465483,0
2005-02-20 18:00:00,1500.9515219567575,0
2005-02-20 19:00:00,1389.0782941621146,0
2005-02-20 20:00:00,1277.3539345626248,0
2005-02-20 21:00:00,1166.8349135283725,0
2005-02-20 22:00:00,1058.5501168833277,0
2005-02-20 23:00:00,953.4880324770734,0
2005-02-21 00:00:00,852.5845544396029,0
2005-02-21 01:00:00,756.7115698142618,0
2005-02-21 02:00:00,666.6664804137699,0
2005-02-21 03:00:00,583.1627987265729,0
2005-02-21 04:00:00,506.8219407290947,0
2005-02-21 05:00:00,438.16632077879694,0
2005-02-21 06:00:00,377.6138346387107,0
2005-02-21 07:00:00,325.4737964072392,0
2005-02-21 08:00:00,281.9443740014033,0
2005-02-21 09:00:00,247.11154618468004,0
2005-02-21 10:00:00,220.94958226539688,0
2005-02-21 11:00:00,203.32302384402692,0
2005-02-21 12:00:00,193.99012668021317,0
2005-02-21 13:00:00,192.60770019690847,0
2005-02-21 14:00:00,198.73726264208733,0
2005-02-21 15:00:00,211.85241177149726,0
2005-02-21 16:00:00,231.34729436295788,0
2005-02-21 17:00:00,256.546043159762,0
2005-02-21 18:00:00,286.7130371776299,0
2005-02-21 19:00:00,321.0638308708209,0
2005-02-21 20:00:00,358.7765895819584,0
2005-02-21 21:00:00,399.0038630998734,0
2005-02-21 22:00:00,440.8845260886692,0
2005-02-21 23:00:00,483.5557136556036,0
2005-02-22 00:00:00,526.164582384547,0
2005-02-22 01:00:00,567.8797317254947,0
2005-02-22 02:00:00,607.9021276094226,0
2005-02-22 03:00:00,645.4753794284163,0
2005-02-22 04:00:00,679.8952329230825,0
2005-02-22 05:00:00,710.5181548629354,0
2005-02-22 06:00:00,736.7689004716599,0
2005-02-22 07:00:00,758.1469710918968,0
2005-02-22 08:00:00,774.2318873408873,0
2005-02-22 09:00:00,784.6872216940574,0
2005-02-22 10:00:00,789.2633537551075,0
2005-02-22 11:00:00,787.7989311255105,0
2005-02-22 12:00:00,780.2210384685635,0
2005-02-22 13:00:00,766.5440967684578,0
2005-02-22 14:00:00,746.8675336171802,0
2005-02-22 15:00:00,721.3722833347488,0
2005-02-22 16:00:00,690.3161925705743,0
2005-02-22 17:00:00,654.0284224951606,0
2005-02-22 18:00:00,612.9029525438308,0
2005-02-22 19:00:00,567.3913027177522,0
2005-02-22 20:00:00,517.9946015114874,0
2005-02-22 21:00:00,465.25513448157125,0
2005-02-22 22:00:00,409.7475141954064,0
2005-02-22 23:00:00,352.06961573400355,0
2005-02-23 00:00:00,292.83342303632196,0
2005-02-23 01:00:00,232.6559301722075,0
2005-02-23 02:00:00,172.15023815823236,0
2005-02-23 03:00:00,111.91698226444771,0
2005-02-23 04:00:00,52.536217012851466,0
2005-02-23 05:00:00,-5.44012361417856,0
2005-02-23 06:00:00,-61.49508468030456,0
2005-02-23 07:00:00,-115.15277444271692,0
2005-02-23 08:00:00,-165.9835954012126,0
2005-02-23 09:00:00,-213.6085589308252,0
2005-02-23 10:00:00,-257.7026364278795,0
2005-02-23 11:00:00,-297.99711670115755,0
2005-02-23 12:00:00,-334.28095641500397,0
2005-02-23 13:00:00,-366.4011274590198,0
2005-02-23 14:00:00,-394.2619818983693,0
2005-02-23 15:00:00,-417.8236713765551,0
2005-02-23 16:00:00,-437.09967323628166,0
2005-02-23 17:00:00,-452.15348994703584,0
2005-02-23 18:00:00,-463.09460145114815,0
2005-02-23 19:00:00,-470.0737615586943,0
2005-02-23 20:00:00,-473.27773935632024,0
2005-02-23 21:00:00,-472.92361459475285,0
2005-02-23 22:00:00,-469.25274206567065,0
2005-02-23 23:00:00,-462.52450398337,0
2005-02-24 00:00:00,-453.0099712990783,0
2005-02-24 01:00:00,-440.98559467740756,0
2005-02-24 02:00:00,-426.72704357415876,0
2005-02-24 03:00:00,-410.5033075239079,0
2005-02-24 04:00:00,-392.5711674619008,0
2005-02-24 05:00:00,-373.17013678552837,0
2005-02-24 06:00:00,-352.5179620544242,0
2005-02-24 07:00:00,-330.80676191225575,0
2005-02-24 08:00:00,-308.19987018739937,0
2005-02-24 09:00:00,-284.82943541672637,0
2005-02-24 10:00:00,-260.7948144765096,0
2005-02-24 11:00:00,-236.16178284951332,0
2005-02-24 12:00:00,-210.96256857181868,0
2005-02-24 13:00:00,-185.19670135289493,0
2005-02-24 14:00:00,-158.83265301771553,0
2005-02-24 15:00:00,-131.8102305435889,0
2005-02-24 16:00:00,-104.04366881371425,0
2005-02-24 17:00:00,-75.42535702802445,0
2005-02-24 18:00:00,-45.8301207260572,0
2005-02-24 19:00:00,-15.119970794841265,0
2005-02-24 20:00:00,16.85077816130456,0
2005-02-24 21:00:00,50.23012496474939,0
2005-02-24 22:00:00,85.16284478047078,0
2005-02-24 23:00:00,121.78491147828049,0
2005-02-25 00:00:00,160.21799450394792,0
2005-02-25 01:00:00,200.56414465141222,0
2005-02-25 02:00:00,242.90078040821152,0
2005-02-25 03:00:00,287.27608181409244,0
2005-02-25 04:00:00,333.704892105436,0
2005-02-25 05:00:00,382.16521892245595,0
2005-02-25 06:00:00,432.59541666901316,0
2005-02-25 07:00:00,484.8921199066841,0
2005-02-25 08:00:00,538.908984625806,0
2005-02-25 09:00:00,594.4562800852013,0
2005-02-25 10:00:00,651.3013588839938,0
2005-02-25 11:00:00,709.1700172760297,0
2005-02-25 12:00:00,767.7487417217803,0
2005-02-25 13:00:00,826.6878215663597,0
2005-02-25 14:00:00,885.6052918071725,0
2005-02-25 15:00:00,944.0916544440162,0
2005-02-25 16:00:00,1001.7153121519984,0
2005-02-25 17:00:00,1058.0286342403178,0
2005-02-25 18:00:00,1112.57456229668,0
2005-02-25 19:00:00,1164.893651790021,0
2005-02-25 20:00:00,1214.5314364130393,0
2005-02-25 21:00:00,1261.0459942632792,0
2005-02-25 22:00:00,1304.0155892314467,0
2005-02-25 23:00:00,1343.046257304844,0
2005-02-26 00:00:00,1377.7792059766555,0
2005-02-26 01:00:00,1407.8978956300073,0
2005-02-26 02:00:00,1433.134674645497,0
2005-02-26 03:00:00,1453.2768450360027,0
2005-02-26 04:00:00,1468.1720425835142,0
2005-02-26 05:00:00,1477.7328246417069,0
2005-02-26 06:00:00,1481.9403698422216,0
2005-02-26 07:00:00,1480.8472067463003,0
2005-02-26 08:00:00,1474.57890281871,0
2005-02-26 09:00:00,1463.3346607546391,0
2005-02-26 10:00:00,1447.3867859229015,0
2005-02-26 11:00:00,1427.0790062365168,0
2005-02-26 12:00:00,1402.8236438549752,0
2005-02-26 13:00:00,1375.0976564739378,0
2005-02-26 14:00:00,1344.4375842742143,0
2005-02-26 15:00:00,1311.4334565927982,0
2005-02-26 16:00:00,1276.7217297522373,0
2005-02-26 17:00:00,1240.9773439567496,0
2005-02-26 18:00:00,1204.9050024659841,0
2005-02-26 19:00:00,1169.2297901352788,0
2005-02-26 20:00:00,1134.687260629109,0
2005-02-26 21:00:00,1102.0131319665707,0
2005-02-26 22:00:00,1071.9327383602867,0
2005-02-26 23:00:00,1045.15039241386,0
2005-02-27 00:00:00,1022.3388155310308,0
2005-02-27 01:00:00,1004.1287957809728,0
2005-02-27 02:00:00,991.0992314132689,0
2005-02-27 03:00:00,983.7677147183006,0
2005-02-27 04:00:00,982.581805013987,0
2005-02-27 05:00:00,987.9111312784021,0
2005-02-27 06:00:00,1000.0404544471066,0
2005-02-27 07:00:00,1019.1638067944112,0
2005-02-27 08:00:00,1045.3798112963004,0
2005-02-27 09:00:00,1078.6882676361088,0
2005-02-27 10:00:00,1118.9880737949388,0
2005-02-27 11:00:00,1166.0765332287572,0
2005-02-27 12:00:00,1219.6500777501983,0
2005-02-27 13:00:00,1279.306415702204,0
2005-02-27 14:00:00,1344.5480941400288,0
2005-02-27 15:00:00,1414.7874428418468,0
2005-02-27 16:00:00,1489.3528473634688,0
2005-02-27 17:00:00,1567.4962783533824,0
2005-02-27 18:00:00,1648.4019852568622,0
2005-02-27 19:00:00,1731.1962446569082,0
2005-02-27 20:00:00,1814.9580371031452,0
2005-02-27 21:00:00,1898.7305116221846,0
2005-02-27 22:00:00,1981.5330844181149,0
2005-02-27 23:00:00,2062.374007760061,0
2005-02-28 00:00:00,2140.2632368856066,0
2005-02-28 01:00:00,2214.225417061085,0
2005-02-28 02:00:00,2283.31280982936,0
2005-02-28 03:00:00,2346.6179770039,0
2005-02-28 04:00:00,2403.2860431534823,0
2005-02-28 05:00:00,2452.526362147338,0
2005-02-28 06:00:00,2493.6234207331954,0
2005-02-28 07:00:00,2525.9468220047474,0
2005-02-28 08:00:00,2548.960203841632,0
2005-02-28 09:00:00,2562.2289618033765,0
2005-02-28 10:00:00,2565.426662322479,0
2005-02-28 11:00:00,2558.3400501361566,0
2005-02-28 12:00:00,2540.8725734578748,0
2005-02-28 13:00:00,2513.046371134782,0
2005-02-28 14:00:00,2475.0026876613265,0
2005-02-28 15:00:00,2427.0007041056324,0
2005-02-28 16:00:00,2369.4147954274017,0
2005-02-28 17:00:00,2302.7302469932297,0
2005-02-28 18:00:00,2227.5374849982663,0
2005-02-28 19:00:00,2144.5248966574663,0
